case_id,condition,style,decision,rationale
CASE_001,S0,S0,APPROVE,"Score is 3 (income +2, dependents +1, disability +2, arrears -2). Low income, disability, and arrears indicate serious hardship, so approved."
CASE_001,S0_REPEAT,S0,APPROVE,"Score totals 3 (2 income +1 dependent +2 disability -2 arrears). Although the score is borderline, the applicant’s low income, disability, and arrears indicate serious hardship, so the application is approved."
CASE_001,S1,S1,APPROVE,"The applicant scores 3 points (income +2, dependents +1, disability +2, arrears -2, docs 0). With a total of 3 and expressed serious utility hardship, the application is approved at discretion."
CASE_001,S2,S2,APPROVE,"The applicant scores 3 points (income +2, dependent +1, disability +2, arrears -2, documents 0) and expresses serious hardship, so the application is approved."
CASE_001,S3,S3,APPROVE,"Total score is 3 (income +2, dependents +1, disability +2, arrears -2). The applicant has low income, a disabled household member, and three months of utility arrears, indicating serious hardship, so the application is approved."
CASE_002,S0,S0,APPROVE,"Income 410 gives +2 points, 4 dependents give +2 points, no disability, arrears under 3 months, and complete documents add no penalties. Total score is 4, meeting the approval threshold."
CASE_002,S0_REPEAT,S0,APPROVE,"Income 410 gives +2 points, 4 dependents give +2 points, no disability, arrears under 3 months, and complete documents add no penalties. Total score is 4, meeting the approval threshold."
CASE_002,S1,S1,APPROVE,"Income 410 gives +2 points, 4 dependents give +2 points, no disability, arrears under 3 months, and complete paperwork add no penalties. Total score is 4, meeting the approval threshold."
CASE_002,S2,S2,APPROVE,"Income 410 per person (+2), 4 dependents (+2), no disability (+0), arrears <3 months (+0), documents complete (+0). Total score 4 meets approval threshold."
CASE_002,S3,S3,APPROVE,"Income 410 gives +2 points, 4 dependents give +2 points, no disability, arrears <3 months, and complete documents add no penalties. Total score is 4, meeting the approval threshold."
CASE_003,S0,S0,REJECT,"The applicant scores 3 points (1 for income, 2 for dependents). While a score of 3 allows discretionary approval if serious hardship is evident, the application shows no disability, no utility arrears, and a complete document package, indicating no clear serious hardship. Therefore, the application is rejected."
CASE_003,S0_REPEAT,S0,REJECT,"The applicant scores 3 points (1 for income, 2 for dependents). While the score allows discretionary approval for serious hardship, the case shows only moderate financial strain (income above the lowest bracket, no disability, no arrears, complete documents), which does not clearly constitute serious hardship. Therefore the application is rejected."
CASE_003,S1,S1,APPROVE,"The applicant scores 1 point for income (920), 2 points for having three dependents, and no deductions, totaling 3 points. The expressed severe financial hardship allows discretionary approval."
CASE_003,S2,S2,APPROVE,"The applicant scores 3 points (income +1, dependents +2). Although the score is exactly the discretionary threshold, the applicant demonstrates serious hardship with low income, multiple dependents, and expressed anxiety, so the application is approved."
CASE_003,S3,S3,REJECT,"The applicant scores 3 points (income +1, dependents +2). No disability, no arrears penalty, and documents are complete, yielding no additional points or penalties. While a score of 3 allows discretionary approval for serious hardship, the application does not demonstrate clear serious hardship, so the default action is to reject."
CASE_004,S0,S0,APPROVE,"Income 980 gives +1, 2 dependents +1, disability +2, no arrears penalty, documents complete. Total score 4 meets approval threshold."
CASE_004,S0_REPEAT,S0,APPROVE,"Income 980 gives +1, 2 dependents +1, disability +2, no arrears penalty, documents complete. Total score 4 meets approval threshold."
CASE_004,S1,S1,APPROVE,"Income 980 gives +1, two dependents +1, disability +2, no arrears or missing documents add 0. Total score 4 meets the approval threshold."
CASE_004,S2,S2,APPROVE,"Income 980 gives +1, two dependents +1, disability +2, no arrears penalty, documents complete. Total score 4 meets approval threshold."
CASE_004,S3,S3,APPROVE,"Income 980 gives 1 point, 2 dependents give 1 point, disability adds 2 points, no arrears penalty, and complete documents add no penalty. Total score is 4, meeting the approval threshold."
CASE_007,S0,S0,REJECT,"The applicant scores 1 point for income (710) and 2 points for having 4 dependents, totaling 3 points. No disability, no arrears, and a complete document package add no points or penalties. A score of 3 requires demonstrated serious hardship for approval, which is not evident in this application."
CASE_007,S0_REPEAT,S0,REJECT,"The applicant scores 1 point for income (710) and 2 points for having 4 dependents, totaling 3 points. No disability, no arrears, and a complete document package add no points or penalties. While a score of 3 allows discretionary approval for serious hardship, the application does not demonstrate significant hardship, so it is rejected."
CASE_007,S1,S1,APPROVE,"The applicant scores 1 point for income (710), 2 points for having 4 dependents, and 0 points for disability, arrears, and documentation, totaling 3 points. The application cites serious financial hardship, so under the policy a score of 3 may be approved at discretion, which we have exercised."
CASE_007,S2,S2,APPROVE,"The applicant scores 3 points (income +1, dependents +2). While the score is exactly the discretionary threshold, the applicant’s low income and four dependents indicate serious hardship, so the application is approved."
CASE_007,S3,S3,APPROVE,"The application scores 3 points (1 for income 710, 2 for having 4 dependents). While the score is exactly the discretionary threshold, the low per‑person income combined with multiple dependents indicates serious hardship, so the application is approved."
CASE_008,S0,S0,APPROVE,"Score is 3 (low income +3). Although the threshold for automatic approval is 4, the applicant’s very low income indicates serious hardship, so the application is approved at discretion."
CASE_008,S0_REPEAT,S0,APPROVE,"Score is 3 (income +3, others 0). The low income indicates serious hardship, so the application is approved at discretion."
CASE_008,S1,S1,APPROVE,"Score is 3 (income <400 gives +3, other factors 0). The low income indicates serious hardship, so the application is approved at discretion."
CASE_008,S2,S2,APPROVE,"Score is 3 (income +3, no points elsewhere); applicant demonstrates serious hardship, so approved."
CASE_008,S3,S3,APPROVE,"The applicant scores 3 points (low income +3). While the score is exactly the discretionary threshold, the very low monthly income per person indicates serious financial hardship, justifying approval."
CASE_009,S0,S0,APPROVE,"Income (2) + dependents (2) + disability (2) - incomplete docs (2) = 4 points, meeting the threshold for approval."
CASE_009,S0_REPEAT,S0,APPROVE,"Income (2) + dependents (2) + disability (2) - incomplete docs (2) = 4 points, meeting the threshold for approval."
CASE_009,S1,S1,APPROVE,"Income 550 (+2), 3 dependents (+2), disability (+2), arrears <3 months (+0), incomplete docs (-2) = total 4 points, meeting the approval threshold."
CASE_009,S2,S2,APPROVE,"Income (550) gives +2, three dependents +2, disability +2, arrears under 3 months +0, incomplete documents -2; total score = 4, meeting the approval threshold."
CASE_009,S3,S3,APPROVE,"Income 550 (+2), 3 dependents (+2), disability (+2), arrears <3 months (+0), incomplete documents (-2) = total 4 points, meeting the approval threshold."
CASE_012,S0,S0,APPROVE,"Income 930 gives +1, 1 dependent gives +1, disability adds +2, no arrears or document issues, total score 4 meets approval threshold."
CASE_012,S0_REPEAT,S0,APPROVE,"Income 930 gives +1, 1 dependent gives +1, disability adds +2, no arrears or missing documents add 0. Total score 4 meets approval threshold."
CASE_012,S1,S1,APPROVE,"Income 930 gives +1, one dependent +1, disability +2, no arrears +0, complete paperwork +0. Total score 4 meets approval threshold."
CASE_012,S2,S2,APPROVE,"Income 930 (+1), 1 dependent (+1), disability (+2) gives total 4 points, meeting the approval threshold."
CASE_012,S3,S3,APPROVE,"Income 930 gives +1, one dependent +1, disability +2, no arrears or document issues. Total score 4 meets approval threshold."
CASE_014,S0,S0,APPROVE,"Income of $430 gives +2 points, 3 dependents give +2 points, no disability, no arrears, and complete documents add no penalties. Total score is 4, meeting the approval threshold."
CASE_014,S0_REPEAT,S0,APPROVE,"Income of $430 gives +2 points, 3 dependents give +2 points, no disability, no arrears, and complete documents add no penalties. Total score is 4, meeting the approval threshold."
CASE_014,S1,S1,APPROVE,"Income 430 gives +2, three dependents give +2, no disability, no arrears, and complete paperwork add no penalties. Total score 4 meets approval threshold."
CASE_014,S2,S2,APPROVE,"Income 430 per person (+2), three dependents (+2), no disability, no arrears, documents complete. Total score 4 meets approval threshold."
CASE_014,S3,S3,APPROVE,"Income 430 gives +2 points, 3 dependents give +2 points, no disability, no arrears, and complete documents add no penalties. Total score is 4, meeting the approval threshold."
CASE_015,S0,S0,APPROVE,"Income 690 gives +2, 3 dependents +2, disability +2, arrears 6 months -2, documents complete +0. Total score 4 meets approval threshold."
CASE_015,S0_REPEAT,S0,APPROVE,"Income 690 gives +2, 3 dependents +2, disability +2, arrears 6 months -2, documents complete +0. Total score 4 meets approval threshold."
CASE_015,S1,S1,APPROVE,"Income 690 (+2), 3 dependents (+2), disability (+2), arrears 6 months (-2), complete docs (+0) = total 4 points, meeting the approval threshold."
CASE_015,S2,S2,APPROVE,"Income 690 (+2), 3 dependents (+2), disability (+2), arrears 6 months (-2), documents complete (+0) = total 4 points, meeting the approval threshold."
CASE_015,S3,S3,APPROVE,"Income 690 gives +2, 3 dependents +2, disability +2, arrears 6 months -2, documents complete 0; total score 4 meets approval threshold."
CASE_016,S0,S0,APPROVE,"Score is 3 (low income +3). Although the threshold for automatic approval is 4, the applicant’s very low income indicates serious hardship, so the application is approved at discretion."
CASE_016,S0_REPEAT,S0,APPROVE,"Score is 3 (low income +3). Although the threshold for automatic approval is 4, the applicant’s very low income indicates serious hardship, so the application is approved at discretion."
CASE_016,S1,S1,APPROVE,"Income of $280/person yields 3 points; no dependents, disability, arrears, or missing documents add points or penalties. Total score is 3, and the low income demonstrates serious hardship, so the application is approved at discretion."
CASE_016,S2,S2,APPROVE,"The applicant scores 3 points (income +3, others 0). The policy allows discretionary approval at 3 points when serious hardship is evident, which the applicant clearly expresses."
CASE_016,S3,S3,APPROVE,"The applicant scores 3 points (low income +3). While the score is exactly 3, the very low monthly income indicates serious hardship, so the application is approved at discretion."
CASE_019,S0,S0,APPROVE,"Score is 3 (income +3, dependents +2, incomplete docs -2). The low income and three dependents indicate serious hardship, so the application is approved at discretion."
CASE_019,S0_REPEAT,S0,APPROVE,"Score is 3 (low income +3, 3+ dependents +2, incomplete docs -2). The low income and multiple dependents constitute serious hardship, so the application is approved."
CASE_019,S1,S1,APPROVE,"The applicant scores 3 points (income +3, dependents +2, no disability, no arrears, incomplete docs -2). With a total of 3, the policy allows discretionary approval in cases of serious hardship, which the applicant demonstrates."
CASE_019,S2,S2,APPROVE,"Score is 3 (income +3, dependents +2, incomplete docs -2). The applicant has very low income, multiple dependents, and expresses serious hardship, so discretionary approval is warranted."
CASE_019,S3,S3,APPROVE,"The applicant scores 3 points (low income +3, three dependents +2, incomplete documents -2). Although the score is exactly 3, the very low income and three dependents indicate serious hardship, so the application is approved at discretion."
CASE_021,S0,S0,REJECT,"The applicant scores 3 points (0 for income, +1 for two dependents, +2 for disability, 0 for arrears, 0 for documents). A score of 3 requires evidence of serious hardship for approval, which is not present in the application, so it is rejected."
CASE_021,S0_REPEAT,S0,REJECT,"The applicant scores 3 points (0 for income, +1 for two dependents, +2 for disability, 0 for arrears, 0 for documents). A score of 3 requires evidence of serious hardship for approval, which is not present in the application, so it is rejected."
CASE_021,S1,S1,APPROVE,"The applicant scores 3 points (1 for two dependents and 2 for a household disability). While the score is exactly 3, the applicant describes severe financial strain ('bills are killing me'), indicating serious hardship, allowing discretionary approval."
CASE_021,S2,S2,REJECT,"The applicant scores 3 points (0 for income, +1 for two dependents, +2 for disability, 0 for arrears, 0 for documents). While a score of 3 allows discretionary approval for serious hardship, the application does not demonstrate sufficient hardship beyond anxiety, so the application is rejected."
CASE_021,S3,S3,REJECT,"The applicant scores 3 points (0 for income, 1 for two dependents, 2 for disability, 0 for arrears, 0 for complete documents). A score of 3 requires demonstrated serious hardship for approval, which is not evident in the application, so it is rejected."
CASE_022,S0,S0,REJECT,"The applicant scores 3 points (income +2, dependents +1). While a score of 3 allows discretionary approval for serious hardship, the application does not demonstrate clear serious hardship beyond modest income, so the default action is to reject."
CASE_022,S0_REPEAT,S0,REJECT,"The applicant scores 3 points (income +2, dependents +1) but shows no evidence of serious hardship, so the application is not approved."
CASE_022,S1,S1,APPROVE,"The applicant scores 2 points for income (510/month) and 1 point for having two dependents, totaling 3 points. Although the score is exactly 3, the low income and dependents indicate financial hardship, so the application is approved at discretion."
CASE_022,S2,S2,APPROVE,"The applicant scores 3 points (income +2, dependents +1) and shows clear serious hardship, meeting the discretionary approval condition."
CASE_022,S3,S3,REJECT,"The applicant scores 3 points (income +2, dependents +1). While a score of 3 allows discretionary approval if serious hardship is evident, the application does not provide evidence of serious hardship beyond the basic low income and dependents, so the default action is to reject."
CASE_023,S0,S0,APPROVE,"Income 800 gives +1, 1 dependent gives +1, disability adds +2, no arrears or document issues. Total score 4 meets approval threshold."
CASE_023,S0_REPEAT,S0,APPROVE,"Income 800 gives +1, 1 dependent gives +1, disability adds +2, no arrears or document issues. Total score 4 meets approval threshold."
CASE_023,S1,S1,APPROVE,"Income 800 (+1), 1 dependent (+1), disability (+2), no arrears (+0), complete docs (+0) = 4 points, meeting the approval threshold."
CASE_023,S2,S2,APPROVE,"Income of 800 gives +1, one dependent +1, disability +2, no arrears or document issues add 0. Total score is 4, meeting the approval threshold."
CASE_023,S3,S3,APPROVE,"Income 800 gives +1, one dependent +1, disability +2, no arrears +0, complete documents +0; total score 4 meets approval threshold."
CASE_024,S0,S0,REJECT,"The applicant scores 3 points (1 for one dependent and 2 for a disability). With a monthly income of 1410, there is no indication of serious hardship, so the application is rejected per policy."
CASE_024,S0_REPEAT,S0,REJECT,"The applicant scores 3 points (0 for income, +1 for one dependent, +2 for disability, 0 for arrears, 0 for documents). While a score of 3 allows discretionary approval in cases of serious hardship, the application does not demonstrate significant hardship beyond the disability, so the application is rejected."
CASE_024,S1,S1,REJECT,"The applicant scores 3 points (1 for one dependent and 2 for a disability). No serious hardship is evident given a monthly per‑person income of $1410, so the discretionary approval for a score of 3 is not warranted."
CASE_024,S2,S2,APPROVE,"The applicant scores 3 points (1 for one dependent and 2 for a household disability). Although the score is not ≥4, the applicant describes severe hardship and desperation, which permits discretionary approval at a score of 3."
CASE_024,S3,S3,REJECT,"The applicant scores 3 points (1 for one dependent and 2 for a disability). While a score of 3 allows discretionary approval if serious hardship is evident, the application does not demonstrate clear serious hardship (income is well above the low‑income threshold and arrears are minimal). Therefore the application is rejected."
CASE_025,S0,S0,APPROVE,"Score calculation: income +1, dependents +2, disability +2, arrears +0, incomplete docs -2 = total 3. Although the score is exactly 3, the applicant has a disability and three dependents, indicating serious hardship, so the application is approved."
CASE_025,S0_REPEAT,S0,APPROVE,"The applicant scores 3 points (income +1, dependents +2, disability +2, arrears +0, incomplete docs -2). With a disability and three dependents, the situation reflects serious hardship, meeting the discretionary approval criteria for a score of 3."
CASE_025,S1,S1,APPROVE,"Score is 3 (income +1, dependents +2, disability +2, arrears +0, docs -2). Although the score is marginal, the applicant demonstrates financial strain with low income, multiple dependents, and a disability, qualifying as serious hardship, so the application is approved."
CASE_025,S2,S2,APPROVE,"Score is 3; applicant shows serious hardship, so approved."
CASE_025,S3,S3,APPROVE,"Score is 3 (1 income +2 dependents +2 disability -2 incomplete docs). With disability and three dependents, the household faces significant hardship, so the application is approved at discretion."
CASE_027,S0,S0,APPROVE,"Income (450) gives +2, three dependents give +2, no disability, arrears and documents add no points. Total score 4 meets approval threshold."
CASE_027,S0_REPEAT,S0,APPROVE,"Income (450) gives +2, three dependents give +2, no disability, arrears under 3 months and complete documents add no penalties. Total score is 4, meeting the approval threshold."
CASE_027,S1,S1,APPROVE,"Income 450 gives +2, three dependents give +2, no disability, arrears under 3 months and complete docs add no penalties. Total score 4 meets approval threshold."
CASE_027,S2,S2,APPROVE,"Income 450 per person gives +2 points, 3 dependents give +2 points, no disability, arrears under 3 months, and complete documents add no penalties. Total score is 4, meeting the approval threshold."
CASE_027,S3,S3,APPROVE,"Income 450 gives +2 points, 3 dependents give +2 points, no disability, no arrears, and complete documents add no penalties. Total score is 4, meeting the approval threshold."
CASE_028,S0,S0,APPROVE,"Income 480 gives +2, no dependents +0, disability +2, arrears under 3 months +0, complete documents +0; total score 4 meets approval threshold."
CASE_028,S0_REPEAT,S0,APPROVE,"Income 480 gives +2, no dependents +0, disability +2, arrears under 3 months +0, complete documents +0; total score 4 meets approval threshold."
CASE_028,S1,S1,APPROVE,"Income 480 gives +2, no dependents +0, disability +2, arrears <3 months +0, complete paperwork +0; total score 4 meets approval threshold."
CASE_028,S2,S2,APPROVE,"Income 480 gives +2, no dependents +0, disability +2, arrears <3 months +0, documents complete +0. Total score 4 meets approval threshold."
CASE_028,S3,S3,APPROVE,"Income 480 gives +2, no dependents +0, disability +2, arrears under 3 months +0, complete documents +0; total 4 points meets approval threshold."
CASE_029,S0,S0,APPROVE,"Income below 400 (+3), 2 dependents (+1), disability present (+2), arrears >=3 months (-2), documents complete (+0). Total score = 4, meeting the approval threshold."
CASE_029,S0_REPEAT,S0,APPROVE,"Income below 400 (+3), 2 dependents (+1), disability present (+2), arrears >=3 months (-2), documents complete (+0). Total score = 4, meeting the approval threshold."
CASE_029,S1,S1,APPROVE,"Income <400 (+3), 2 dependents (+1), disability (+2), arrears >=3 months (-2), documents complete (+0) = total 4 points, meeting the approval threshold."
CASE_029,S2,S2,APPROVE,"Income <400 gives +3, 2 dependents +1, disability +2, arrears >=3 months -2, documents complete 0; total score 4 meets approval threshold."
CASE_029,S3,S3,APPROVE,"Income below 400 (+3), 2 dependents (+1), disability present (+2), arrears >=3 months (-2), documents complete (+0). Total score = 4, meeting the approval threshold."
