case_id,income_per_person,dependents,disability,arrears_months,docs_complete,case_type,score,reference_decision
CASE_001,420,1,1,3,1,BORDERLINE,3,REJECT
CASE_002,410,4,0,1,1,BORDERLINE,4,APPROVE
CASE_003,920,3,0,2,1,BORDERLINE,3,REJECT
CASE_004,980,2,1,1,1,BORDERLINE,4,APPROVE
CASE_005,820,3,0,4,1,CLEAR_REJECT,1,REJECT
CASE_006,1180,0,0,2,1,CLEAR_REJECT,0,REJECT
CASE_007,710,4,0,0,1,BORDERLINE,3,REJECT
CASE_008,340,0,0,1,1,BORDERLINE,3,REJECT
CASE_009,550,3,1,1,0,BORDERLINE,4,APPROVE
CASE_010,510,3,1,1,1,CLEAR_APPROVE,6,APPROVE
CASE_011,430,3,1,1,1,CLEAR_APPROVE,6,APPROVE
CASE_012,930,1,1,0,1,BORDERLINE,4,APPROVE
CASE_013,750,1,0,0,0,CLEAR_REJECT,0,REJECT
CASE_014,430,3,0,0,1,BORDERLINE,4,APPROVE
CASE_015,690,3,1,6,1,BORDERLINE,4,APPROVE
CASE_016,280,0,0,1,1,BORDERLINE,3,REJECT
CASE_017,520,3,1,2,1,CLEAR_APPROVE,6,APPROVE
CASE_018,320,2,1,1,1,CLEAR_APPROVE,6,APPROVE
CASE_019,250,3,0,2,0,BORDERLINE,3,REJECT
CASE_020,300,4,1,0,1,CLEAR_APPROVE,7,APPROVE
CASE_021,1240,2,1,0,1,BORDERLINE,3,REJECT
CASE_022,510,2,0,1,1,BORDERLINE,3,REJECT
CASE_023,800,1,1,0,1,BORDERLINE,4,APPROVE
CASE_024,1410,1,1,1,1,BORDERLINE,3,REJECT
CASE_025,760,3,1,0,0,BORDERLINE,3,REJECT
CASE_026,640,2,0,8,1,CLEAR_REJECT,1,REJECT
CASE_027,450,3,0,1,1,BORDERLINE,4,APPROVE
CASE_028,480,0,1,2,1,BORDERLINE,4,APPROVE
CASE_029,150,2,1,6,1,BORDERLINE,4,APPROVE
CASE_030,570,1,1,4,0,CLEAR_REJECT,1,REJECT
